{
  "classes": [
    "Folding marks",
    "Grain off",
    "Growth marks",
    "NotLeather",
    "loose grains",
    "non defective",
    "pinhole"
  ],
  "plain_val_acc": 0.8353413654618473,
  "hybrid_val_acc": 0.7041499330655957,
  "plain": {
    "val_acc": 0.8353413654618473,
    "confusion_matrix": [
      [
        64,
        50,
        1,
        1,
        2,
        0,
        5
      ],
      [
        0,
        129,
        1,
        0,
        6,
        0,
        0
      ],
      [
        0,
        1,
        113,
        0,
        0,
        0,
        1
      ],
      [
        1,
        0,
        0,
        26,
        1,
        0,
        0
      ],
      [
        0,
        9,
        2,
        0,
        105,
        0,
        0
      ],
      [
        0,
        6,
        4,
        1,
        5,
        110,
        4
      ],
      [
        0,
        22,
        0,
        0,
        0,
        0,
        77
      ]
    ],
    "report": {
      "Folding marks": {
        "precision": 0.9846153846153847,
        "recall": 0.5203252032520326,
        "f1-score": 0.6808510638297872,
        "support": 123.0
      },
      "Grain off": {
        "precision": 0.5944700460829493,
        "recall": 0.9485294117647058,
        "f1-score": 0.7308781869688386,
        "support": 136.0
      },
      "Growth marks": {
        "precision": 0.9338842975206612,
        "recall": 0.9826086956521739,
        "f1-score": 0.9576271186440678,
        "support": 115.0
      },
      "NotLeather": {
        "precision": 0.9285714285714286,
        "recall": 0.9285714285714286,
        "f1-score": 0.9285714285714286,
        "support": 28.0
      },
      "loose grains": {
        "precision": 0.8823529411764706,
        "recall": 0.9051724137931034,
        "f1-score": 0.8936170212765957,
        "support": 116.0
      },
      "non defective": {
        "precision": 1.0,
        "recall": 0.8461538461538461,
        "f1-score": 0.9166666666666666,
        "support": 130.0
      },
      "pinhole": {
        "precision": 0.8850574712643678,
        "recall": 0.7777777777777778,
        "f1-score": 0.8279569892473119,
        "support": 99.0
      },
      "accuracy": 0.8353413654618473,
      "macro avg": {
        "precision": 0.8869930813187518,
        "recall": 0.8441626824235812,
        "f1-score": 0.8480240678863852,
        "support": 747.0
      },
      "weighted avg": {
        "precision": 0.8772770329604986,
        "recall": 0.8353413654618473,
        "f1-score": 0.8354286693348452,
        "support": 747.0
      }
    }
  },
  "hybrid": {
    "val_acc": 0.7041499330655957,
    "confusion_matrix": [
      [
        103,
        7,
        1,
        0,
        0,
        0,
        12
      ],
      [
        42,
        59,
        18,
        0,
        0,
        10,
        7
      ],
      [
        0,
        0,
        106,
        0,
        0,
        9,
        0
      ],
      [
        2,
        0,
        0,
        25,
        0,
        1,
        0
      ],
      [
        0,
        17,
        14,
        2,
        80,
        3,
        0
      ],
      [
        0,
        0,
        17,
        1,
        1,
        111,
        0
      ],
      [
        22,
        0,
        35,
        0,
        0,
        0,
        42
      ]
    ],
    "report": {
      "Folding marks": {
        "precision": 0.6094674556213018,
        "recall": 0.8373983739837398,
        "f1-score": 0.7054794520547946,
        "support": 123.0
      },
      "Grain off": {
        "precision": 0.7108433734939759,
        "recall": 0.4338235294117647,
        "f1-score": 0.5388127853881278,
        "support": 136.0
      },
      "Growth marks": {
        "precision": 0.5549738219895288,
        "recall": 0.9217391304347826,
        "f1-score": 0.6928104575163399,
        "support": 115.0
      },
      "NotLeather": {
        "precision": 0.8928571428571429,
        "recall": 0.8928571428571429,
        "f1-score": 0.8928571428571429,
        "support": 28.0
      },
      "loose grains": {
        "precision": 0.9876543209876543,
        "recall": 0.6896551724137931,
        "f1-score": 0.8121827411167513,
        "support": 116.0
      },
      "non defective": {
        "precision": 0.8283582089552238,
        "recall": 0.8538461538461538,
        "f1-score": 0.8409090909090909,
        "support": 130.0
      },
      "pinhole": {
        "precision": 0.6885245901639344,
        "recall": 0.42424242424242425,
        "f1-score": 0.525,
        "support": 99.0
      },
      "accuracy": 0.7041499330655957,
      "macro avg": {
        "precision": 0.753239844866966,
        "recall": 0.7219374181699715,
        "f1-score": 0.7154359528346068,
        "support": 747.0
      },
      "weighted avg": {
        "precision": 0.7374559413525745,
        "recall": 0.7041499330655957,
        "f1-score": 0.6964285057799589,
        "support": 747.0
      }
    }
  }
}